1|1|3|2025-07-14
1|1|3|2025-07-15
1|1|3|2025-07-16
1|1|3|2025-07-17
1|1|3|2025-07-18
1|1|3|2025-07-19
1|1|3|2025-07-20
1|1|3|2025-07-21
1|1|3|2025-07-22
1|1|3|2025-07-23
1|1|3|2025-07-24
1|1|3|2025-07-25
1|1|3|2025-07-26
1|1|3|2025-07-27
1|1|3|2025-07-28
2|4|4|2025-08-19
2|4|4|2025-08-20
2|4|4|2025-08-21
2|4|4|2025-08-22
2|4|4|2025-08-23
2|4|4|2025-08-24
2|4|4|2025-08-25
2|4|4|2025-08-26
2|4|4|2025-08-27
2|4|4|2025-08-28
2|4|4|2025-08-29
3|1|5|2025-08-10
3|1|5|2025-08-11
3|1|5|2025-08-12
3|1|5|2025-08-13
3|1|5|2025-08-14
3|1|5|2025-08-15
3|1|5|2025-08-16
3|1|5|2025-08-17
3|1|5|2025-08-18
3|1|5|2025-08-19
3|1|5|2025-08-20
3|1|5|2025-08-21
3|1|5|2025-08-22
3|1|5|2025-08-23
3|1|5|2025-08-24
3|1|5|2025-08-25
3|1|5|2025-08-26
3|1|5|2025-08-27
3|1|5|2025-08-28
3|1|5|2025-08-29
3|1|5|2025-08-30
4|4|6|2025-07-02
4|4|6|2025-07-03
4|4|6|2025-07-04
4|4|6|2025-07-05
4|4|6|2025-07-06
4|4|6|2025-07-07
4|4|6|2025-07-08
4|4|6|2025-07-09
4|4|6|2025-07-10
4|4|6|2025-07-11
4|4|6|2025-07-12
4|4|6|2025-07-13
4|4|6|2025-07-14
4|4|6|2025-07-15
5|4|7|2025-06-02
5|4|7|2025-06-03
5|4|7|2025-06-04
5|4|7|2025-06-05
5|4|7|2025-06-06
5|4|7|2025-06-07
5|4|7|2025-06-08
6|2|8|2025-06-02
6|2|8|2025-06-03
6|2|8|2025-06-04
6|2|8|2025-06-05
6|2|8|2025-06-06
6|2|8|2025-06-07
6|2|8|2025-06-08
6|2|8|2025-06-09
6|2|8|2025-06-10
6|2|8|2025-06-11
6|2|8|2025-06-12
6|2|8|2025-06-13
6|2|8|2025-06-14
6|2|8|2025-06-15
4|1|6|2025-07-01
4|1|6|2025-07-02
4|1|6|2025-07-03
4|1|6|2025-07-04
4|1|6|2025-07-05
4|1|6|2025-07-06
4|1|6|2025-07-07
4|1|6|2025-07-08
4|1|6|2025-07-09
4|1|6|2025-07-10
4|1|6|2025-07-11
4|1|6|2025-07-12
5|2|7|2025-07-14
6|3|8|2025-07-08
6|3|8|2025-07-09
6|3|8|2025-07-10
6|3|8|2025-07-11
6|3|8|2025-07-12
6|3|8|2025-07-13
6|3|8|2025-07-14
7|4|9|2025-07-13
8|6|10|2025-10-01
9|6|10|2025-10-02
10|6|10|2025-10-03
11|6|10|2025-10-04
12|6|10|2025-10-05
13|6|10|2025-10-06
14|6|10|2025-10-07
15|6|10|2025-10-08
16|6|10|2025-10-09
17|6|10|2025-10-10
18|6|10|2025-10-11
19|6|10|2025-10-12
20|6|10|2025-10-13
21|6|10|2025-10-14
22|3|11|2025-10-08
23|3|11|2025-10-09
24|3|11|2025-10-10
25|3|11|2025-10-11
26|3|11|2025-10-12
27|3|11|2025-10-13
28|3|11|2025-10-14
29|3|11|2025-10-15
30|3|11|2025-10-16
31|3|11|2025-10-17
32|3|11|2025-10-18
33|3|11|2025-10-19
34|3|11|2025-10-20
35|3|11|2025-10-21
36|3|11|2025-10-22
37|3|11|2025-10-23
38|3|11|2025-10-24
39|3|11|2025-10-25
40|3|11|2025-10-26
41|3|11|2025-10-27
42|7|12|2025-08-01
43|7|12|2025-08-02
44|7|12|2025-08-03
45|7|12|2025-08-04
46|7|12|2025-08-05
47|7|12|2025-08-06
48|7|12|2025-08-07
49|7|12|2025-08-08
50|7|12|2025-08-09
51|7|12|2025-08-10
52|7|12|2025-08-11
53|7|12|2025-08-12
54|7|12|2025-08-13
55|7|12|2025-08-14
56|7|12|2025-08-15
57|7|12|2025-08-16
58|3|13|2025-07-16
59|2|14|2025-08-12
60|2|14|2025-08-13
61|2|14|2025-08-14
62|2|14|2025-08-15
63|2|14|2025-08-16
64|2|14|2025-08-17
65|2|14|2025-08-18
66|2|14|2025-08-19
67|2|14|2025-08-20
68|2|14|2025-08-21
69|2|14|2025-08-22
70|2|14|2025-08-23
71|1|15|2025-09-14
72|1|15|2025-09-15
73|1|15|2025-09-16
74|1|15|2025-09-17
75|1|15|2025-09-18
76|1|15|2025-09-19
77|5|16|2025-08-17
78|5|16|2025-08-18
79|5|16|2025-08-19
80|5|16|2025-08-20
81|6|17|2025-02-10
82|6|17|2025-02-11
83|6|17|2025-02-12
84|7|18|2025-04-06
85|7|18|2025-04-07
86|7|18|2025-04-08
87|7|18|2025-04-09
88|7|19|2025-07-06
89|7|19|2025-07-07
90|7|19|2025-07-08
91|11|20|2025-05-01
92|11|20|2025-05-02
93|11|20|2025-05-03
94|11|20|2025-05-04
95|11|20|2025-05-05
96|11|20|2025-05-06
97|11|20|2025-05-07
98|11|20|2025-05-08
99|11|20|2025-05-09
100|11|20|2025-05-10
101|11|20|2025-05-11
102|11|20|2025-05-12
103|11|20|2025-05-13
104|11|20|2025-05-14
105|11|20|2025-05-15
106|11|20|2025-05-16
107|11|20|2025-05-17
108|11|20|2025-05-18
109|11|20|2025-05-19
110|11|20|2025-05-20
111|11|20|2025-05-21
112|11|20|2025-05-22
113|11|20|2025-05-23
114|11|20|2025-05-24
115|11|20|2025-05-25
116|11|20|2025-05-26
117|11|20|2025-05-27
118|11|20|2025-05-28
119|8|21|2025-09-22
120|8|21|2025-09-23
121|8|21|2025-09-24
122|8|21|2025-09-25
123|8|21|2025-09-26
124|11|22|2025-08-05
125|11|22|2025-08-06
126|11|22|2025-08-07
127|11|22|2025-08-08
128|11|22|2025-08-09
129|11|22|2025-08-10
130|11|22|2025-08-11
131|11|22|2025-08-12
132|11|22|2025-08-13
133|11|22|2025-08-14
134|11|22|2025-08-15
135|11|22|2025-08-16
136|11|22|2025-08-17
137|11|22|2025-08-18
138|11|22|2025-08-19
139|11|22|2025-08-20
140|11|22|2025-08-21
141|11|22|2025-08-22
142|11|22|2025-08-23
143|11|22|2025-08-24
144|9|23|2025-09-23
145|9|23|2025-09-24
146|9|23|2025-09-25
147|9|23|2025-09-26
148|9|23|2025-09-27
149|9|23|2025-09-28
150|9|23|2025-09-29
151|13|25|2025-08-29
152|13|25|2025-08-30
153|13|25|2025-08-31
154|13|25|2025-09-01
155|13|25|2025-09-02
156|13|25|2025-09-03
157|7|28|2025-10-30
158|7|28|2025-10-31
159|7|28|2025-11-01
160|7|28|2025-11-02
161|7|28|2025-11-03
162|7|28|2025-11-04
163|15|29|2025-09-10
164|15|29|2025-09-11
165|1|30|2025-09-01
166|1|30|2025-09-02
167|10|31|2025-08-30
168|10|31|2025-08-31
169|10|31|2025-09-01
170|10|31|2025-09-02
171|10|31|2025-09-03
172|17|32|2025-09-06
173|17|32|2025-09-07
174|17|32|2025-09-08
175|16|33|2025-09-01
176|16|33|2025-09-02
177|16|33|2025-09-03
178|16|33|2025-09-04
179|16|33|2025-09-05
180|16|33|2025-09-06
181|16|33|2025-09-07
182|16|33|2025-09-08
183|16|33|2025-09-09
184|11|34|2026-01-01
185|11|34|2026-01-02
186|11|34|2026-01-03
187|11|34|2026-01-04
188|11|34|2026-01-05
189|11|34|2026-01-06
190|11|34|2026-01-07
191|11|34|2026-01-08
192|11|34|2026-01-09
193|11|34|2026-01-10
194|11|34|2026-01-11
195|11|34|2026-01-12
196|11|34|2026-01-13
197|11|34|2026-01-14
198|11|34|2026-01-15
199|11|34|2026-01-16
200|13|35|2026-04-01
201|13|35|2026-04-02
202|13|35|2026-04-03
203|13|35|2026-04-04
204|13|35|2026-04-05
205|13|35|2026-04-06
206|13|35|2026-04-07
207|19|40|2025-08-30
208|19|40|2025-08-31
209|19|40|2025-09-01
210|19|40|2025-09-02
211|19|40|2025-09-03
212|18|41|2025-09-03
213|18|41|2025-09-04
214|18|41|2025-09-05
215|18|41|2025-09-06
216|18|41|2025-09-07
217|18|41|2025-09-08
218|18|41|2025-09-09
219|18|41|2025-09-10
220|18|41|2025-09-11
221|9|42|2025-10-09
222|9|42|2025-10-10
223|9|42|2025-10-11
224|9|42|2025-10-12
225|9|42|2025-10-13
226|9|42|2025-10-14
227|9|42|2025-10-15
228|1|43|2025-09-03
229|1|43|2025-09-04
230|1|43|2025-09-05
231|8|44|2025-09-08
232|8|44|2025-09-09
233|8|44|2025-09-10
234|8|44|2025-09-11
235|8|44|2025-09-12
236|8|44|2025-09-13
237|8|44|2025-09-14
238|8|45|2025-09-15
239|8|45|2025-09-16
240|8|45|2025-09-17
241|8|45|2025-09-18
242|8|45|2025-09-19
