1|1|2|2025-07-16T00:00:00.0000000|2025-07-29T00:00:00.0000000|5|Active
2|1|2|2025-07-15T00:00:00.0000000|2025-07-18T00:00:00.0000000|5|Active
3|1|2|2025-07-14T00:00:00.0000000|2025-07-29T00:00:00.0000000|5|Active
4|4|2|2025-08-19T00:00:00.0000000|2025-08-30T00:00:00.0000000|6|Active
5|1|2|2025-08-10T00:00:00.0000000|2025-08-31T00:00:00.0000000|5|Active
6|4|2|2025-07-02T00:00:00.0000000|2025-07-16T00:00:00.0000000|3|Active
7|4|2|2025-06-02T00:00:00.0000000|2025-06-09T00:00:00.0000000|3|Active
8|2|2|2025-06-02T00:00:00.0000000|2025-06-16T00:00:00.0000000|2|Active
6|1|2|2025-07-01T00:00:00.0000000|2025-07-13T00:00:00.0000000|2|Active
7|2|2|2025-07-14T00:00:00.0000000|2025-07-15T00:00:00.0000000|2|Active
8|3|2|2025-07-08T00:00:00.0000000|2025-07-15T00:00:00.0000000|5|Active
9|4|2|2025-07-13T00:00:00.0000000|2025-07-14T00:00:00.0000000|1|Active
10|6|2|2025-10-03T00:00:00.0000000|2025-10-10T00:00:00.0000000|2|Active
11|3|2|2025-10-09T00:00:00.0000000|2025-10-15T00:00:00.0000000|3|Active
12|7|2|2025-08-01T00:00:00.0000000|2025-08-17T00:00:00.0000000|4|Active
13|3|2|2025-07-16T00:00:00.0000000|2025-07-17T00:00:00.0000000|6|Active
14|2|2|2025-08-12T00:00:00.0000000|2025-08-24T00:00:00.0000000|4|Active
15|1|2|2025-09-15T00:00:00.0000000|2025-09-21T00:00:00.0000000|3|Active
16|5|2|2025-08-17T00:00:00.0000000|2025-08-21T00:00:00.0000000|3|Active
17|6|2|2025-02-10T00:00:00.0000000|2025-02-13T00:00:00.0000000|2|Active
18|7|2|2025-04-06T00:00:00.0000000|2025-04-10T00:00:00.0000000|3|Active
19|7|2|2025-07-06T00:00:00.0000000|2025-07-09T00:00:00.0000000|3|Active
20|11|2|2025-05-01T00:00:00.0000000|2025-05-29T00:00:00.0000000|8|Active
21|8|2|2025-08-23T00:00:00.0000000|2025-08-26T00:00:00.0000000|1|Active
22|11|2|2025-08-05T00:00:00.0000000|2025-08-25T00:00:00.0000000|5|Active
23|9|2|2025-09-23T00:00:00.0000000|2025-09-30T00:00:00.0000000|2|Active
24|3|2|2025-09-11T00:00:00.0000000|2025-09-26T00:00:00.0000000|3|Active
25|13|2|2025-08-29T00:00:00.0000000|2025-09-04T00:00:00.0000000|3|Active
26|13|2|2025-08-23T00:00:00.0000000|2025-08-28T00:00:00.0000000|3|Active
27|6|2|2025-08-23T00:00:00.0000000|2025-08-28T00:00:00.0000000|3|Active
28|7|2|2025-09-29T00:00:00.0000000|2025-10-02T00:00:00.0000000|3|Active
29|15|2|2025-09-10T00:00:00.0000000|2025-09-12T00:00:00.0000000|2|Active
30|1|2|2025-09-01T00:00:00.0000000|2025-09-03T00:00:00.0000000|2|Active
31|10|2|2025-08-30T00:00:00.0000000|2025-09-04T00:00:00.0000000|3|Active
32|17|2|2025-09-06T00:00:00.0000000|2025-09-09T00:00:00.0000000|2|Active
33|16|2|2025-09-01T00:00:00.0000000|2025-09-10T00:00:00.0000000|1|Active
34|11|2|2026-01-01T00:00:00.0000000|2026-01-17T00:00:00.0000000|5|Active
35|13|2|2025-10-04T00:00:00.0000000|2025-10-11T00:00:00.0000000|2|Active
36|17|2|2025-08-06T00:00:00.0000000|2025-08-29T00:00:00.0000000|2|Active
37|16|2|2025-08-01T00:00:00.0000000|2025-08-29T00:00:00.0000000|1|Active
38|11|2|2025-08-01T00:00:00.0000000|2025-08-29T00:00:00.0000000|5|Active
39|13|2|2025-08-01T00:00:00.0000000|2025-08-29T00:00:00.0000000|2|Active
40|14|2|2025-11-10T00:00:00.0000000|2025-11-12T00:00:00.0000000|2|Active
41|12|2|2025-11-16T00:00:00.0000000|2025-11-18T00:00:00.0000000|2|Active
42|12|2|2025-11-13T00:00:00.0000000|2025-11-14T00:00:00.0000000|3|Active
43|12|2|2025-11-19T00:00:00.0000000|2025-11-21T00:00:00.0000000|2|Active
44|12|2|2025-11-07T00:00:00.0000000|2025-11-10T00:00:00.0000000|1|Active
45|4|2|2025-09-15T00:00:00.0000000|2025-09-25T00:00:00.0000000|5|Active
46|14|2|2025-09-26T00:00:00.0000000|2025-09-28T00:00:00.0000000|2|Active
47|8|2|2026-01-01T00:00:00.0000000|2026-01-15T00:00:00.0000000|2|Active
48|1|2|2025-09-10T00:00:00.0000000|2025-09-13T00:00:00.0000000|2|Active
49|1|2|2025-11-02T00:00:00.0000000|2025-11-16T00:00:00.0000000|2|Active
50|2|2|2025-09-01T00:00:00.0000000|2025-09-05T00:00:00.0000000|2|Active
51|2|2|2025-09-11T00:00:00.0000000|2025-09-12T00:00:00.0000000|2|Active
52|1|2|2025-09-29T00:00:00.0000000|2025-10-08T00:00:00.0000000|2|Active
53|2|2|2025-07-27T00:00:00.0000000|2025-08-09T00:00:00.0000000|5|Active
54|5|2|2025-10-15T00:00:00.0000000|2025-10-20T00:00:00.0000000|2|Cancelled
55|5|2|2025-11-18T00:00:00.0000000|2025-11-28T00:00:00.0000000|2|Cancelled
56|5|2|2025-11-02T00:00:00.0000000|2025-11-14T00:00:00.0000000|3|Active
57|1|2|2025-06-10T00:00:00.0000000|2025-06-12T00:00:00.0000000|2|Active
58|9|2|2025-12-10T00:00:00.0000000|2025-12-14T00:00:00.0000000|3|Cancelled
59|18|2|2025-10-03T00:00:00.0000000|2025-10-07T00:00:00.0000000|2|Active
